{
  "hoy": [],
  "semana": [
    {
      "DEPOSITO": "001",
      "TICKETS": 388,
      "UNIDADES": 801.0,
      "VENTA_NETA": 20958077.070000008,
      "COSTO": 8150434.623800001,
      "DEVOLUCIONES": -114000.0,
      "tienda": "Plaza CC Río Grande",
      "es_liquidacion": false,
      "tickets": 388,
      "unidades": 801.0,
      "venta_neta": 20958077.07,
      "costo": 8150434.62,
      "devoluciones": -114000.0,
      "ticket_promedio": 54015.66,
      "upt": 2.06,
      "margen_pct": 61.1
    },
    {
      "DEPOSITO": "002",
      "TICKETS": 273,
      "UNIDADES": 701.0,
      "VENTA_NETA": 14698680.079999998,
      "COSTO": 6115722.666085999,
      "DEVOLUCIONES": -118000.0,
      "tienda": "Casa Corea Río Grande",
      "es_liquidacion": false,
      "tickets": 273,
      "unidades": 701.0,
      "venta_neta": 14698680.08,
      "costo": 6115722.67,
      "devoluciones": -118000.0,
      "ticket_promedio": 53841.32,
      "upt": 2.57,
      "margen_pct": 58.4
    },
    {
      "DEPOSITO": "003",
      "TICKETS": 356,
      "UNIDADES": 773.0,
      "VENTA_NETA": 20365290.009999998,
      "COSTO": 7789864.6800000025,
      "DEVOLUCIONES": -556240.0,
      "tienda": "Plaza CC Ushuaia",
      "es_liquidacion": false,
      "tickets": 356,
      "unidades": 773.0,
      "venta_neta": 20365290.01,
      "costo": 7789864.68,
      "devoluciones": -556240.0,
      "ticket_promedio": 57205.87,
      "upt": 2.17,
      "margen_pct": 61.7
    },
    {
      "DEPOSITO": "004",
      "TICKETS": 338,
      "UNIDADES": 747.0,
      "VENTA_NETA": 14533499.1507,
      "COSTO": 6342874.670000001,
      "DEVOLUCIONES": 0.0,
      "tienda": "Casa Corea Ushuaia",
      "es_liquidacion": false,
      "tickets": 338,
      "unidades": 747.0,
      "venta_neta": 14533499.15,
      "costo": 6342874.67,
      "devoluciones": 0,
      "ticket_promedio": 42998.52,
      "upt": 2.21,
      "margen_pct": 56.4
    }
  ],
  "mes": [
    {
      "DEPOSITO": "001",
      "TICKETS": 849,
      "UNIDADES": 1778.0,
      "VENTA_NETA": 47284749.11999999,
      "COSTO": 17990155.59429999,
      "DEVOLUCIONES": -114000.0,
      "tienda": "Plaza CC Río Grande",
      "es_liquidacion": false,
      "tickets": 849,
      "unidades": 1778.0,
      "venta_neta": 47284749.12,
      "costo": 17990155.59,
      "devoluciones": -114000.0,
      "ticket_promedio": 55694.64,
      "upt": 2.09,
      "margen_pct": 62.0
    },
    {
      "DEPOSITO": "002",
      "TICKETS": 660,
      "UNIDADES": 1663.0,
      "VENTA_NETA": 35483138.16,
      "COSTO": 14947312.686086006,
      "DEVOLUCIONES": -159000.0,
      "tienda": "Casa Corea Río Grande",
      "es_liquidacion": false,
      "tickets": 660,
      "unidades": 1663.0,
      "venta_neta": 35483138.16,
      "costo": 14947312.69,
      "devoluciones": -159000.0,
      "ticket_promedio": 53762.33,
      "upt": 2.52,
      "margen_pct": 57.9
    },
    {
      "DEPOSITO": "003",
      "TICKETS": 829,
      "UNIDADES": 1807.0,
      "VENTA_NETA": 49294180.04,
      "COSTO": 18925663.186623,
      "DEVOLUCIONES": -729240.0,
      "tienda": "Plaza CC Ushuaia",
      "es_liquidacion": false,
      "tickets": 829,
      "unidades": 1807.0,
      "venta_neta": 49294180.04,
      "costo": 18925663.19,
      "devoluciones": -729240.0,
      "ticket_promedio": 59462.22,
      "upt": 2.18,
      "margen_pct": 61.6
    },
    {
      "DEPOSITO": "004",
      "TICKETS": 871,
      "UNIDADES": 1899.0,
      "VENTA_NETA": 39143347.28070001,
      "COSTO": 16372067.19137601,
      "DEVOLUCIONES": -36000.0,
      "tienda": "Casa Corea Ushuaia",
      "es_liquidacion": false,
      "tickets": 871,
      "unidades": 1899.0,
      "venta_neta": 39143347.28,
      "costo": 16372067.19,
      "devoluciones": -36000.0,
      "ticket_promedio": 44940.7,
      "upt": 2.18,
      "margen_pct": 58.2
    }
  ],
  "anio": [
    {
      "DEPOSITO": "001",
      "TICKETS": 3878,
      "UNIDADES": 8202.0,
      "VENTA_NETA": 192869040.45999992,
      "COSTO": 76081976.5305859,
      "DEVOLUCIONES": -914000.0,
      "tienda": "Plaza CC Río Grande",
      "es_liquidacion": false,
      "tickets": 3878,
      "unidades": 8202.0,
      "venta_neta": 192869040.46,
      "costo": 76081976.53,
      "devoluciones": -914000.0,
      "ticket_promedio": 49734.15,
      "upt": 2.12,
      "margen_pct": 60.6
    },
    {
      "DEPOSITO": "002",
      "TICKETS": 3169,
      "UNIDADES": 7989.0,
      "VENTA_NETA": 152477069.50999996,
      "COSTO": 65147813.62097491,
      "DEVOLUCIONES": -695100.0,
      "tienda": "Casa Corea Río Grande",
      "es_liquidacion": false,
      "tickets": 3169,
      "unidades": 7989.0,
      "venta_neta": 152477069.51,
      "costo": 65147813.62,
      "devoluciones": -695100.0,
      "ticket_promedio": 48115.2,
      "upt": 2.52,
      "margen_pct": 57.3
    },
    {
      "DEPOSITO": "003",
      "TICKETS": 4280,
      "UNIDADES": 9571.0,
      "VENTA_NETA": 223919365.63999987,
      "COSTO": 89227313.20065571,
      "DEVOLUCIONES": -3113240.0,
      "tienda": "Plaza CC Ushuaia",
      "es_liquidacion": false,
      "tickets": 4280,
      "unidades": 9571.0,
      "venta_neta": 223919365.64,
      "costo": 89227313.2,
      "devoluciones": -3113240.0,
      "ticket_promedio": 52317.61,
      "upt": 2.24,
      "margen_pct": 60.2
    },
    {
      "DEPOSITO": "004",
      "TICKETS": 3942,
      "UNIDADES": 9062.0,
      "VENTA_NETA": 171447740.07070002,
      "COSTO": 72362644.56838489,
      "DEVOLUCIONES": -426000.0,
      "tienda": "Casa Corea Ushuaia",
      "es_liquidacion": false,
      "tickets": 3942,
      "unidades": 9062.0,
      "venta_neta": 171447740.07,
      "costo": 72362644.57,
      "devoluciones": -426000.0,
      "ticket_promedio": 43492.58,
      "upt": 2.3,
      "margen_pct": 57.8
    }
  ]
}