{
  "hoy": [],
  "semana": [
    {
      "DEPOSITO": "001",
      "TICKETS": 391,
      "UNIDADES": 820.0,
      "VENTA_NETA": 21384519.040000003,
      "COSTO": 8298495.4180000005,
      "DEVOLUCIONES": -114000.0,
      "tienda": "Plaza CC Río Grande",
      "es_liquidacion": false,
      "tickets": 391,
      "unidades": 820.0,
      "venta_neta": 21384519.04,
      "costo": 8298495.42,
      "devoluciones": -114000.0,
      "ticket_promedio": 54691.86,
      "upt": 2.1,
      "margen_pct": 61.2
    },
    {
      "DEPOSITO": "002",
      "TICKETS": 286,
      "UNIDADES": 735.0,
      "VENTA_NETA": 15246980.069999998,
      "COSTO": 6345033.406086,
      "DEVOLUCIONES": -56000.0,
      "tienda": "Casa Corea Río Grande",
      "es_liquidacion": false,
      "tickets": 286,
      "unidades": 735.0,
      "venta_neta": 15246980.07,
      "costo": 6345033.41,
      "devoluciones": -56000.0,
      "ticket_promedio": 53311.12,
      "upt": 2.57,
      "margen_pct": 58.4
    },
    {
      "DEPOSITO": "003",
      "TICKETS": 364,
      "UNIDADES": 788.0,
      "VENTA_NETA": 20813590.009999994,
      "COSTO": 7913664.170000004,
      "DEVOLUCIONES": -689240.0,
      "tienda": "Plaza CC Ushuaia",
      "es_liquidacion": false,
      "tickets": 364,
      "unidades": 788.0,
      "venta_neta": 20813590.01,
      "costo": 7913664.17,
      "devoluciones": -689240.0,
      "ticket_promedio": 57180.19,
      "upt": 2.16,
      "margen_pct": 62.0
    },
    {
      "DEPOSITO": "004",
      "TICKETS": 348,
      "UNIDADES": 771.0,
      "VENTA_NETA": 15313639.139999997,
      "COSTO": 6629655.779333001,
      "DEVOLUCIONES": 0.0,
      "tienda": "Casa Corea Ushuaia",
      "es_liquidacion": false,
      "tickets": 348,
      "unidades": 771.0,
      "venta_neta": 15313639.14,
      "costo": 6629655.78,
      "devoluciones": 0,
      "ticket_promedio": 44004.71,
      "upt": 2.22,
      "margen_pct": 56.7
    }
  ],
  "mes": [
    {
      "DEPOSITO": "001",
      "TICKETS": 796,
      "UNIDADES": 1688.0,
      "VENTA_NETA": 44616779.08,
      "COSTO": 16954398.5885,
      "DEVOLUCIONES": -114000.0,
      "tienda": "Plaza CC Río Grande",
      "es_liquidacion": false,
      "tickets": 796,
      "unidades": 1688.0,
      "venta_neta": 44616779.08,
      "costo": 16954398.59,
      "devoluciones": -114000.0,
      "ticket_promedio": 56051.23,
      "upt": 2.12,
      "margen_pct": 62.0
    },
    {
      "DEPOSITO": "002",
      "TICKETS": 620,
      "UNIDADES": 1575.0,
      "VENTA_NETA": 33268138.130000003,
      "COSTO": 13995569.086086005,
      "DEVOLUCIONES": -97000.0,
      "tienda": "Casa Corea Río Grande",
      "es_liquidacion": false,
      "tickets": 620,
      "unidades": 1575.0,
      "venta_neta": 33268138.13,
      "costo": 13995569.09,
      "devoluciones": -97000.0,
      "ticket_promedio": 53658.29,
      "upt": 2.54,
      "margen_pct": 57.9
    },
    {
      "DEPOSITO": "003",
      "TICKETS": 783,
      "UNIDADES": 1708.0,
      "VENTA_NETA": 46805580.04,
      "COSTO": 17924018.196623005,
      "DEVOLUCIONES": -710240.0,
      "tienda": "Plaza CC Ushuaia",
      "es_liquidacion": false,
      "tickets": 783,
      "unidades": 1708.0,
      "venta_neta": 46805580.04,
      "costo": 17924018.2,
      "devoluciones": -710240.0,
      "ticket_promedio": 59777.24,
      "upt": 2.18,
      "margen_pct": 61.7
    },
    {
      "DEPOSITO": "004",
      "TICKETS": 824,
      "UNIDADES": 1809.0,
      "VENTA_NETA": 37665347.27000001,
      "COSTO": 15725131.85137601,
      "DEVOLUCIONES": -36000.0,
      "tienda": "Casa Corea Ushuaia",
      "es_liquidacion": false,
      "tickets": 824,
      "unidades": 1809.0,
      "venta_neta": 37665347.27,
      "costo": 15725131.85,
      "devoluciones": -36000.0,
      "ticket_promedio": 45710.37,
      "upt": 2.2,
      "margen_pct": 58.3
    }
  ],
  "anio": [
    {
      "DEPOSITO": "001",
      "TICKETS": 3825,
      "UNIDADES": 8112.0,
      "VENTA_NETA": 190201070.41999996,
      "COSTO": 75046219.52478592,
      "DEVOLUCIONES": -914000.0,
      "tienda": "Plaza CC Río Grande",
      "es_liquidacion": false,
      "tickets": 3825,
      "unidades": 8112.0,
      "venta_neta": 190201070.42,
      "costo": 75046219.52,
      "devoluciones": -914000.0,
      "ticket_promedio": 49725.77,
      "upt": 2.12,
      "margen_pct": 60.5
    },
    {
      "DEPOSITO": "002",
      "TICKETS": 3129,
      "UNIDADES": 7901.0,
      "VENTA_NETA": 150262069.48,
      "COSTO": 64196070.02097492,
      "DEVOLUCIONES": -633100.0,
      "tienda": "Casa Corea Río Grande",
      "es_liquidacion": false,
      "tickets": 3129,
      "unidades": 7901.0,
      "venta_neta": 150262069.48,
      "costo": 64196070.02,
      "devoluciones": -633100.0,
      "ticket_promedio": 48022.39,
      "upt": 2.53,
      "margen_pct": 57.3
    },
    {
      "DEPOSITO": "003",
      "TICKETS": 4234,
      "UNIDADES": 9472.0,
      "VENTA_NETA": 221430765.63999987,
      "COSTO": 88225668.21065572,
      "DEVOLUCIONES": -3094240.0,
      "tienda": "Plaza CC Ushuaia",
      "es_liquidacion": false,
      "tickets": 4234,
      "unidades": 9472.0,
      "venta_neta": 221430765.64,
      "costo": 88225668.21,
      "devoluciones": -3094240.0,
      "ticket_promedio": 52298.24,
      "upt": 2.24,
      "margen_pct": 60.2
    },
    {
      "DEPOSITO": "004",
      "TICKETS": 3895,
      "UNIDADES": 8972.0,
      "VENTA_NETA": 169969740.06000003,
      "COSTO": 71715709.22838488,
      "DEVOLUCIONES": -426000.0,
      "tienda": "Casa Corea Ushuaia",
      "es_liquidacion": false,
      "tickets": 3895,
      "unidades": 8972.0,
      "venta_neta": 169969740.06,
      "costo": 71715709.23,
      "devoluciones": -426000.0,
      "ticket_promedio": 43637.93,
      "upt": 2.3,
      "margen_pct": 57.8
    }
  ]
}